date;price;T;sales
2014-01-01;126.9;-27;87.110569180231
2014-01-02;126.9;-25;117.233120092445
2014-01-03;126.9;-20;109.978085335166
2014-01-04;126.9;-21;114.134202295364
2014-01-05;115.9;-24;125.839837716846
2014-01-06;115.9;-21;137.261317023761
2014-01-07;115.9;-20;130.377506187177
2014-01-08;115.9;-27;122.157261223966
2014-01-09;115.9;-23;181.981720967753
2014-01-10;115.9;-20;181.207152903836
2014-01-11;115.9;-28;158.932242115452
2014-01-12;115.9;-24;153.30181712019
2014-01-13;115.9;-22;137.619710341389
2014-01-14;115.9;-20;128.584427956171
2014-01-15;115.9;-22;102.55921452777
2014-01-16;115.9;-23;140.072413410582
2014-01-17;115.9;-28;117.57785608559
2014-01-18;115.9;-26;111.117566124959
2014-01-19;145.9;-23;75.5424939508592
2014-01-20;145.9;-28;71.4545088509078
2014-01-21;145.9;-25;65.7951157459956
2014-01-22;145.9;-24;76.2357551164982
2014-01-23;145.9;-28;105.596798174712
2014-01-24;145.9;-22;115.631088123718
2014-01-25;145.9;-22;119.491137958104
2014-01-26;95.9;-27;200.014868622403
2014-01-27;95.9;-27;175.527365494994
2014-01-28;95.9;-21;170.931485763551
2014-01-29;95.9;-22;159.676685112662
2014-01-30;95.9;-28;190.659437289708
2014-01-31;95.9;-23;179.944080613422
2014-02-01;95.9;-16;184.114941160538
2014-02-02;105.9;-14;151.527541046419
2014-02-03;105.9;-15;144.170557251995
2014-02-04;105.9;-13;137.868319046227
2014-02-05;105.9;-14;145.899448367365
2014-02-06;105.9;-15;203.950228155085
2014-02-07;105.9;-17;210.1537394174
2014-02-08;105.9;-21;207.15099184758
2014-02-09;79.9;-16;262.072775477999
2014-02-10;79.9;-17;257.671019200799
2014-02-11;79.9;-21;227.103415081856
2014-02-12;79.9;-18;204.590182537563
2014-02-13;79.9;-12;283.014512588919
2014-02-14;79.9;-13;284.236617595013
2014-02-15;79.9;-16;243.242995073028
2014-02-16;107.9;-19;141.805449372736
2014-02-17;107.9;-22;135.955001337569
2014-02-18;107.9;-14;137.826632905374
2014-02-19;107.9;-13;122.185926205113
2014-02-20;107.9;-19;170.609901736199
2014-02-21;107.9;-13;174.961147017225
2014-02-22;107.9;-16;168.188914349838
2014-02-23;95.9;-20;168.98857656126
2014-02-24;95.9;-12;197.980360887648
2014-02-25;95.9;-13;198.946766625523
2014-02-26;95.9;-17;184.855932019334
2014-02-27;95.9;-14;245.675004400183
2014-02-28;95.9;-17;235.697114899412
2014-03-01;95.9;-15;203.284644238638
2014-03-02;126.9;-11;130.058421379493
2014-03-03;126.9;-8;123.009668275164
2014-03-04;126.9;-9;131.326560584557
2014-03-05;126.9;-5;131.551112295435
2014-03-06;126.9;-10;179.066211927508
2014-03-07;126.9;-6;204.529433186026
2014-03-08;126.9;-12;174.813055718753
2014-03-09;157.9;-15;112.508546818352
2014-03-10;157.9;-14;126.799615316809
2014-03-11;157.9;-8;118.203853798481
2014-03-12;157.9;-7;103.560429411363
2014-03-13;157.9;-6;143.309179702947
2014-03-14;157.9;-13;114.77726957095
2014-03-15;157.9;-11;112.895420064677
2014-03-16;115.9;-9;167.089412588574
2014-03-17;115.9;-8;141.456991250643
2014-03-18;115.9;-13;120.415698454511
2014-03-19;115.9;-10;138.640881682022
2014-03-20;115.9;-5;191.215129562826
2014-03-21;115.9;-12;167.667338892577
2014-03-22;115.9;-5;189.034708355696
2014-03-23;124.9;-5;163.343580157702
2014-03-24;124.9;-14;159.097850668707
2014-03-25;124.9;-15;164.111255949711
2014-03-26;124.9;-9;163.597889193246
2014-03-27;124.9;-6;213.512389712809
2014-03-28;124.9;-12;193.734698525859
2014-03-29;124.9;-11;181.757878149382
2014-03-30;124.9;-13;165.252908629209
2014-03-31;124.9;-7;148.576894357794
2014-04-01;124.9;1;136.329863086846
2014-04-02;124.9;-5;128.634092047736
2014-04-03;124.9;1;180.909820578122
2014-04-04;124.9;-6;178.547537094918
2014-04-05;124.9;-7;184.897719023795
2014-04-06;124.9;-7;169.734801802249
2014-04-07;124.9;1;196.625871873254
2014-04-08;124.9;3;183.410741157708
2014-04-09;124.9;-3;189.839280396271
2014-04-10;124.9;-1;274.643493897512
2014-04-11;124.9;-1;233.045041765538
2014-04-12;124.9;-1;233.349293558832
2014-04-13;126.9;2;184.444627292307
2014-04-14;126.9;2;191.666854394851
2014-04-15;126.9;-4;142.353771242857
2014-04-16;126.9;3;143.999393113068
2014-04-17;126.9;-1;187.093143939177
2014-04-18;126.9;1;178.110063194758
2014-04-19;126.9;3;165.602717662283
2014-04-20;79.9;0;251.849714865958
2014-04-21;79.9;-4;234.988984921445
2014-04-22;79.9;-6;254.522596695331
2014-04-23;79.9;0;261.431984808831
2014-04-24;79.9;-7;363.616792122368
2014-04-25;79.9;-1;429.417247062287
2014-04-26;79.9;-4;373.460889500534
2014-04-27;95.9;1;287.999430562103
2014-04-28;95.9;-4;263.601108186503
2014-04-29;95.9;-3;227.686295107838
2014-04-30;95.9;2;246.452451055489
2014-05-01;95.9;8;304.138093576583
2014-05-02;95.9;4;282.594846196521
2014-05-03;95.9;5;260.862937132804
2014-05-04;145.9;11;157.18568131956
2014-05-05;145.9;2;156.930124906238
2014-05-06;145.9;9;145.723157588886
2014-05-07;145.9;7;158.91234786833
2014-05-08;145.9;3;201.424159804141
2014-05-09;145.9;8;211.52516069026
2014-05-10;145.9;4;212.573948018289
2014-05-11;87.9;1;330.874258932447
2014-05-12;87.9;3;354.618360185535
2014-05-13;87.9;3;289.380467621571
2014-05-14;87.9;10;310.984289141176
2014-05-15;87.9;5;368.014844708096
2014-05-16;87.9;4;314.672729092879
2014-05-17;87.9;4;282.080354372451
2014-05-18;157.9;2;116.427273200885
2014-05-19;157.9;6;111.003993970021
2014-05-20;157.9;4;97.93290522488
2014-05-21;157.9;6;105.431890865525
2014-05-22;157.9;9;166.412357652029
2014-05-23;157.9;10;165.848458565676
2014-05-24;157.9;2;153.994446351849
2014-05-25;87.9;2;353.843607230903
2014-05-26;87.9;6;367.973259223254
2014-05-27;87.9;2;276.802777597334
2014-05-28;87.9;2;298.794668079393
2014-05-29;87.9;5;380.998269324118
2014-05-30;87.9;4;384.997868397284
2014-05-31;87.9;10;338.941998354942
2014-06-01;100.9;12;270.508959398121
2014-06-02;100.9;20;270.858450296088
2014-06-03;100.9;20;253.80153734887
2014-06-04;100.9;14;268.100816435463
2014-06-05;100.9;20;362.870778071856
2014-06-06;100.9;10;360.546988483191
2014-06-07;100.9;12;386.062442655936
2014-06-08;100.9;11;331.506510556092
2014-06-09;100.9;13;336.914518007703
2014-06-10;100.9;18;363.365252597468
2014-06-11;100.9;11;312.11813804968
2014-06-12;100.9;11;399.551571487818
2014-06-13;100.9;12;354.124950803233
2014-06-14;100.9;16;345.325290693743
2014-06-15;95.9;15;330.09033632873
2014-06-16;95.9;10;285.204111270616
2014-06-17;95.9;14;254.103219042953
2014-06-18;95.9;11;233.379761829123
2014-06-19;95.9;13;313.616343098914
2014-06-20;95.9;14;311.97334145302
2014-06-21;95.9;19;356.071558527905
2014-06-22;124.9;18;241.432077778619
2014-06-23;124.9;13;233.566351063997
2014-06-24;124.9;18;242.554259174392
2014-06-25;124.9;12;227.725908209987
2014-06-26;124.9;20;362.043363936626
2014-06-27;124.9;19;322.753803550308
2014-06-28;124.9;10;285.180171823374
2014-06-29;95.9;15;355.764036420078
2014-06-30;95.9;11;336.186139531595
2014-07-01;95.9;20;339.682666112367
2014-07-02;95.9;27;316.888208175418
2014-07-03;95.9;27;439.435303537876
2014-07-04;95.9;26;444.387944274332
2014-07-05;95.9;29;494.90182435421
2014-07-06;69.9;24;584.439778449951
2014-07-07;69.9;26;605.147100181259
2014-07-08;69.9;28;542.981872582815
2014-07-09;69.9;22;588.13945236835
2014-07-10;69.9;29;860.714197018457
2014-07-11;69.9;29;791.78161314265
2014-07-12;69.9;29;673.332915115103
2014-07-13;79.9;26;555.548729769864
2014-07-14;79.9;29;520.424495586924
2014-07-15;79.9;27;414.838664930145
2014-07-16;79.9;23;390.701004300635
2014-07-17;79.9;20;479.831005472776
2014-07-18;79.9;25;483.831866764646
2014-07-19;79.9;29;488.189606001553
2014-07-20;100.9;29;360.198560280891
2014-07-21;100.9;24;362.820376131734
2014-07-22;100.9;21;314.650967348836
2014-07-23;100.9;28;362.767852216028
2014-07-24;100.9;27;526.987322223857
2014-07-25;100.9;24;520.958223298434
2014-07-26;100.9;29;512.848064704
2014-07-27;137.9;28;294.429675274156
2014-07-28;137.9;24;271.969257953679
2014-07-29;137.9;21;232.30658284155
2014-07-30;137.9;26;226.99386594995
2014-07-31;137.9;24;279.026450601975
2014-08-01;137.9;18;208.980980007919
2014-08-02;137.9;17;200.754500207834
2014-08-03;145.9;24;156.551924716655
2014-08-04;145.9;21;193.904289350924
2014-08-05;145.9;21;166.337952175863
2014-08-06;145.9;23;187.517600125715
2014-08-07;145.9;21;243.764679210571
2014-08-08;145.9;24;270.369982347476
2014-08-09;145.9;26;238.378760830954
2014-08-10;100.9;21;395.859724090707
2014-08-11;100.9;22;365.073778925031
2014-08-12;100.9;19;312.072928566155
2014-08-13;100.9;16;279.787434833798
2014-08-14;100.9;24;386.889443911264
2014-08-15;100.9;18;357.142803335265
2014-08-16;100.9;25;347.354847004729
2014-08-17;145.9;21;168.726830869796
2014-08-18;145.9;24;167.726297803776
2014-08-19;145.9;25;146.642091288578
2014-08-20;145.9;24;158.447441879813
2014-08-21;145.9;18;206.68456037204
2014-08-22;145.9;16;207.927222461928
2014-08-23;145.9;21;212.808072690314
2014-08-24;95.9;19;364.59254157287
2014-08-25;95.9;18;361.803931013138
2014-08-26;95.9;23;358.679087017522
2014-08-27;95.9;16;319.601270319387
2014-08-28;95.9;22;431.770289990433
2014-08-29;95.9;17;371.144086839601
2014-08-30;95.9;19;350.824824558654
2014-08-31;87.9;18;365.316596440339
2014-09-01;87.9;24;305.2605219934
2014-09-02;87.9;15;249.054211991133
2014-09-03;87.9;16;223.929771174729
2014-09-04;87.9;22;382.918296157018
2014-09-05;87.9;18;343.169867894426
2014-09-06;87.9;20;380.733802173087
2014-09-07;126.9;21;252.020534642474
2014-09-08;126.9;17;221.807184792813
2014-09-09;126.9;22;232.583963277423
2014-09-10;126.9;19;228.905585149318
2014-09-11;126.9;15;265.440180114303
2014-09-12;126.9;21;281.786599881093
2014-09-13;126.9;14;235.245309323559
2014-09-14;124.9;17;222.740432185659
2014-09-15;124.9;16;201.149176355703
2014-09-16;124.9;22;188.513899993374
2014-09-17;124.9;18;169.971269022006
2014-09-18;124.9;17;216.56650522565
2014-09-19;124.9;22;218.479774175441
2014-09-20;124.9;18;208.855546358457
2014-09-21;87.9;20;280.237624746354
2014-09-22;87.9;22;316.205469994853
2014-09-23;87.9;19;295.586114617806
2014-09-24;87.9;21;308.872865725387
2014-09-25;87.9;14;445.642759001614
2014-09-26;87.9;19;474.675271289356
2014-09-27;87.9;15;411.709218870841
2014-09-28;105.9;17;299.74477360904
2014-09-29;105.9;23;279.552141022037
2014-09-30;105.9;14;225.255436112076
2014-10-01;105.9;12;201.591573161323
2014-10-02;105.9;13;237.357813394053
2014-10-03;105.9;8;224.57663440221
2014-10-04;105.9;9;233.638880343852
2014-10-05;85.9;13;302.801180194139
2014-10-06;85.9;9;302.979760154335
2014-10-07;85.9;7;262.490166041867
2014-10-08;85.9;11;290.817868534592
2014-10-09;85.9;14;415.858137234316
2014-10-10;85.9;11;400.402620135809
2014-10-11;85.9;13;396.052217947526
2014-10-12;79.9;14;380.027475353976
2014-10-13;79.9;10;343.040664362125
2014-10-14;79.9;5;282.051633719102
2014-10-15;79.9;5;259.186251229831
2014-10-16;79.9;5;313.679090233836
2014-10-17;79.9;14;322.417047886431
2014-10-18;79.9;6;281.311869885582
2014-10-19;126.9;10;161.42533625378
2014-10-20;126.9;5;142.000880379572
2014-10-21;126.9;14;158.299373556991
2014-10-22;126.9;15;164.481091312549
2014-10-23;126.9;11;225.343355800351
2014-10-24;126.9;13;231.176280824905
2014-10-25;126.9;13;241.387977652405
2014-10-26;126.9;7;211.914987356262
2014-10-27;126.9;11;209.010633523291
2014-10-28;126.9;7;167.931930306921
2014-10-29;126.9;7;170.877659044003
2014-10-30;126.9;12;224.936350145831
2014-10-31;126.9;10;206.712000028142
2014-11-01;126.9;-4;134.446198229991
2014-11-02;107.9;-7;137.992980231333
2014-11-03;107.9;0;157.752934876885
2014-11-04;107.9;-7;133.937169296678
2014-11-05;107.9;-4;158.492978447568
2014-11-06;107.9;-3;218.212570832962
2014-11-07;107.9;-3;211.429285718344
2014-11-08;107.9;-7;214.673767045947
2014-11-09;105.9;-7;193.556299166488
2014-11-10;105.9;1;228.157511177247
2014-11-11;105.9;0;185.675226103255
2014-11-12;105.9;-2;186.521257380216
2014-11-13;105.9;-7;209.547016936977
2014-11-14;105.9;-6;220.950783389857
2014-11-15;105.9;1;196.514071994599
2014-11-16;119.9;-2;137.790444000903
2014-11-17;119.9;-4;135.835149937485
2014-11-18;119.9;1;126.128246145716
2014-11-19;119.9;0;117.812175557859
2014-11-20;119.9;-4;157.839111259811
2014-11-21;119.9;-7;155.937453380542
2014-11-22;119.9;-1;167.3440957452
2014-11-23;87.9;-2;212.776385943817
2014-11-24;87.9;-4;230.771105079009
2014-11-25;87.9;-2;220.652544953845
2014-11-26;87.9;1;239.721688878315
2014-11-27;87.9;-7;289.500054110361
2014-11-28;87.9;0;278.060596133052
2014-11-29;87.9;-7;249.11746769555
2014-11-30;107.9;-7;159.985578421147
2014-12-01;107.9;-11;122.482510227724
2014-12-02;107.9;-15;110.548549990489
2014-12-03;107.9;-14;102.836474149728
2014-12-04;107.9;-13;153.658950601486
2014-12-05;107.9;-19;159.541075210953
2014-12-06;107.9;-11;161.847795187106
2014-12-07;157.9;-13;80.4403069409664
2014-12-08;157.9;-17;80.4692382110733
2014-12-09;157.9;-12;82.2130247614517
2014-12-10;157.9;-15;81.4227945591436
2014-12-11;157.9;-11;113.449896405479
2014-12-12;157.9;-12;100.203310327678
2014-12-13;157.9;-17;87.1068643057861
2014-12-14;79.9;-18;198.486268347301
2014-12-15;79.9;-21;168.676754740258
2014-12-16;79.9;-16;151.584744812783
2014-12-17;79.9;-18;149.261337270198
2014-12-18;79.9;-20;181.041135396193
2014-12-19;79.9;-21;178.528466159845
2014-12-20;79.9;-17;174.008565791422
2014-12-21;157.9;-15;73.0962480885503
2014-12-22;157.9;-14;72.4495763051055
2014-12-23;157.9;-18;69.4741309274814
2014-12-24;157.9;-11;75.3583614100701
2014-12-25;157.9;-12;113.588395293861
2014-12-26;157.9;-16;101.844261680905
2014-12-27;157.9;-18;96.6704793531484
2014-12-28;126.9;-21;116.737051656285
2014-12-29;126.9;-12;111.240076124328
2014-12-30;100.9;-20;128.547550535146
2014-12-31;100.9;-14;123.373206872108
2015-01-01;100.9;-11;170.380671316128
2015-01-02;100.9;-16;150.603278189752
2015-01-03;100.9;-16;142.097981234303
2015-01-04;107.9;-12;145.888625377757
2015-01-05;107.9;-11;140.396408673856
2015-01-06;107.9;-14;124.885701718294
2015-01-07;107.9;-17;123.214039742245
2015-01-08;107.9;-21;179.989525398945
2015-01-09;107.9;-15;182.569251827029
2015-01-10;107.9;-20;181.594081078006
2015-01-11;107.9;-14;168.135635895103
2015-01-12;107.9;-21;159.116681618481
2015-01-13;107.9;-18;129.248167562156
2015-01-14;107.9;-21;115.382642154179
2015-01-15;107.9;-20;153.265733781425
2015-01-16;107.9;-14;144.112475252934
2015-01-17;107.9;-16;135.680662634659
2015-01-18;105.9;-13;141.320017978835
2015-01-19;105.9;-21;109.787057245843
2015-01-20;105.9;-15;109.76692733493
2015-01-21;105.9;-21;104.636558338943
2015-01-22;105.9;-11;171.973882398631
2015-01-23;105.9;-11;167.432963830916
2015-01-24;105.9;-20;160.422385492287
2015-01-25;124.9;-14;133.487174530037
2015-01-26;124.9;-17;127.953969991257
2015-01-27;124.9;-14;111.389273466328
2015-01-28;124.9;-13;116.98076630901
2015-01-29;124.9;-19;135.344323925074
2015-01-30;124.9;-16;140.779963668329
2015-01-31;124.9;-20;112.177949559024
2015-02-01;137.9;-28;84.6761814045661
2015-02-02;137.9;-24;81.0979821962896
2015-02-03;137.9;-30;70.1389906306731
2015-02-04;137.9;-31;76.1590072181612
2015-02-05;137.9;-28;104.439824322853
2015-02-06;137.9;-27;112.729742235663
2015-02-07;137.9;-27;116.824607246654
2015-02-08;119.9;-29;127.944286539255
2015-02-09;119.9;-27;137.60032158424
2015-02-10;119.9;-33;128.922137126347
2015-02-11;119.9;-25;123.334465531682
2015-02-12;119.9;-32;157.846981045501
2015-02-13;119.9;-27;149.508268047972
2015-02-14;119.9;-25;129.439332933815
2015-02-15;69.9;-34;188.961869058791
2015-02-16;69.9;-28;196.651352246391
2015-02-17;69.9;-26;165.927238023087
2015-02-18;69.9;-29;152.012064037625
2015-02-19;69.9;-26;202.746801047765
2015-02-20;69.9;-25;218.835935012724
2015-02-21;69.9;-30;192.770013701131
2015-02-22;115.9;-27;115.405331564553
2015-02-23;115.9;-28;114.22049073577
2015-02-24;115.9;-34;115.960883078621
2015-02-25;115.9;-25;131.057648232675
2015-02-26;115.9;-28;171.258019339877
2015-02-27;115.9;-31;154.567203741265
2015-02-28;115.9;-25;162.243773693936
2015-03-01;105.9;-10;158.757806148956
2015-03-02;105.9;-14;154.499718599432
2015-03-03;105.9;-15;128.958315819769
2015-03-04;105.9;-13;136.882995332236
2015-03-05;105.9;-11;207.127547184494
2015-03-06;105.9;-8;206.961041951489
2015-03-07;105.9;-8;222.079009588285
2015-03-08;126.9;-18;145.57240705086
2015-03-09;126.9;-15;148.826038799577
2015-03-10;126.9;-11;146.152247762921
2015-03-11;126.9;-13;148.961028347335
2015-03-12;126.9;-16;173.61952494274
2015-03-13;126.9;-8;179.179027399577
2015-03-14;126.9;-14;151.534739762989
2015-03-15;137.9;-12;113.506058309402
2015-03-16;137.9;-10;120.686340838736
2015-03-17;137.9;-16;93.6002090044368
2015-03-18;137.9;-15;96.4964957636442
2015-03-19;137.9;-17;120.481301560174
2015-03-20;137.9;-14;112.00146692077
2015-03-21;137.9;-17;117.383459467172
2015-03-22;145.9;-13;109.083068587836
2015-03-23;145.9;-10;108.931303129351
2015-03-24;145.9;-17;106.00597980535
2015-03-25;145.9;-15;120.584779841958
2015-03-26;145.9;-15;151.503228750297
2015-03-27;145.9;-8;145.757226775347
2015-03-28;145.9;-9;138.186614855562
2015-03-29;95.9;-11;218.202533385011
2015-03-30;95.9;-13;207.949300423011
2015-03-31;95.9;-17;162.101543532481
2015-04-01;95.9;-6;189.357122152364
2015-04-02;95.9;-8;243.779418098982
2015-04-03;95.9;-7;206.377654692626
2015-04-04;95.9;-10;217.992151069911
2015-04-05;85.9;-8;231.885989929178
2015-04-06;85.9;-3;260.534708315419
2015-04-07;85.9;-2;263.101932156349
2015-04-08;85.9;-4;243.826366668583
2015-04-09;85.9;-3;362.30577247954
2015-04-10;85.9;-4;355.450164893551
2015-04-11;85.9;-4;325.257230018445
2015-04-12;107.9;-4;222.64109659182
2015-04-13;107.9;-5;205.852978668782
2015-04-14;107.9;-1;185.991074631133
2015-04-15;107.9;-8;163.800630403959
2015-04-16;107.9;-9;200.918576828542
2015-04-17;107.9;-5;196.925757709283
2015-04-18;107.9;-5;193.837541855652
2015-04-19;100.9;-5;183.374424152378
2015-04-20;100.9;-8;192.184282421506
2015-04-21;100.9;0;166.138662467176
2015-04-22;100.9;-3;171.568983740574
2015-04-23;100.9;-8;260.169360746533
2015-04-24;100.9;-7;264.07458418942
2015-04-25;100.9;-5;267.906317609041
2015-04-26;105.9;-2;240.706719629031
2015-04-27;105.9;-7;201.388648240516
2015-04-28;105.9;-3;199.353183145855
2015-04-29;105.9;-8;185.21667268731
2015-04-30;105.9;-6;230.548776601522
2015-05-01;105.9;9;251.534672524675
2015-05-02;105.9;13;240.210248512078
2015-05-03;145.9;8;129.784098305809
2015-05-04;145.9;14;161.759554661907
2015-05-05;145.9;13;145.368844587743
2015-05-06;145.9;15;151.042870789315
2015-05-07;145.9;10;199.700765767085
2015-05-08;145.9;7;187.255821633834
2015-05-09;145.9;12;200.005886543381
2015-05-10;100.9;8;319.40966185439
2015-05-11;100.9;12;306.701785202169
2015-05-12;100.9;12;247.866926837066
2015-05-13;100.9;15;244.980786157585
2015-05-14;100.9;12;325.222020912819
2015-05-15;100.9;8;278.562323813567
2015-05-16;100.9;13;260.250508236906
2015-05-17;137.9;11;155.844724148327
2015-05-18;137.9;14;152.606860578588
2015-05-19;137.9;8;130.915548527031
2015-05-20;137.9;8;122.629497112311
2015-05-21;137.9;11;176.076102969167
2015-05-22;137.9;7;182.641946371845
2015-05-23;137.9;14;197.122683016833
2015-05-24;85.9;10;327.089768922656
2015-05-25;85.9;6;366.215289847053
2015-05-26;85.9;15;326.536236234954
2015-05-27;85.9;9;297.880013646627
2015-05-28;85.9;9;398.070306392739
2015-05-29;85.9;7;370.163484636281
2015-05-30;85.9;10;356.941652405526
2015-05-31;126.9;10;187.501390365898
2015-06-01;126.9;27;206.886282482035
2015-06-02;126.9;22;180.231621594498
2015-06-03;126.9;24;177.451126746553
2015-06-04;126.9;29;285.764217875572
2015-06-05;126.9;20;264.537672661393
2015-06-06;126.9;24;265.430088154266
2015-06-07;145.9;19;204.027791803217
2015-06-08;145.9;27;218.6771111585
2015-06-09;145.9;27;209.607949792725
2015-06-10;145.9;21;213.345621092805
2015-06-11;145.9;27;285.066071391428
2015-06-12;145.9;27;252.027179857578
2015-06-13;145.9;27;249.636104618305
2015-06-14;85.9;21;367.597665148005
2015-06-15;85.9;24;351.727515768971
2015-06-16;85.9;24;311.977017430045
2015-06-17;85.9;21;283.233918980372
2015-06-18;85.9;26;413.295909478975
2015-06-19;85.9;24;358.335608311821
2015-06-20;85.9;28;364.649283612143
2015-06-21;100.9;19;282.993983809097
2015-06-22;100.9;28;304.255461783638
2015-06-23;100.9;28;298.684283745966
2015-06-24;100.9;27;325.235246151532
2015-06-25;100.9;29;460.933206619186
2015-06-26;100.9;29;468.94280228803
2015-06-27;100.9;26;386.568477121199
2015-06-28;145.9;28;230.761451139388
2015-06-29;145.9;26;209.049347349643
2015-06-30;145.9;20;174.087788505343
2015-07-01;145.9;16;162.465428155008
2015-07-02;145.9;12;208.35568457105
2015-07-03;145.9;15;182.561142691908
2015-07-04;145.9;16;211.13964381798
2015-07-05;157.9;12;166.630106121547
2015-07-06;157.9;17;185.438958529939
2015-07-07;157.9;18;181.114198929888
2015-07-08;157.9;15;178.411140140017
2015-07-09;157.9;18;262.566745281159
2015-07-10;157.9;19;262.533900361529
2015-07-11;157.9;20;240.881628709765
2015-07-12;124.9;12;280.413147590025
2015-07-13;124.9;13;266.595856946105
2015-07-14;124.9;13;231.702821382168
2015-07-15;124.9;22;221.389471575008
2015-07-16;124.9;22;284.425914575424
2015-07-17;124.9;19;267.950257518182
2015-07-18;124.9;18;251.054064123068
2015-07-19;87.9;14;332.789829838446
2015-07-20;87.9;14;315.805298205662
2015-07-21;87.9;20;313.720953332974
2015-07-22;87.9;16;346.231228300021
2015-07-23;87.9;13;462.401688266753
2015-07-24;87.9;12;473.078900595028
2015-07-25;87.9;17;522.15820451047
2015-07-26;87.9;19;478.338628325797
2015-07-27;87.9;18;457.899169542216
2015-07-28;87.9;20;378.377301130706
2015-07-29;87.9;18;344.346737376453
2015-07-30;87.9;18;462.116831426435
2015-07-31;87.9;19;467.300075215373
2015-08-01;87.9;19;324.384611588556
2015-08-02;124.9;18;207.712530929176
2015-08-03;124.9;24;196.084106677935
2015-08-04;124.9;20;186.895754050409
2015-08-05;124.9;26;212.211320992072
2015-08-06;124.9;28;295.001789213296
2015-08-07;124.9;26;313.374871446623
2015-08-08;124.9;21;267.12797953942
2015-08-09;119.9;26;293.580524976837
2015-08-10;119.9;19;308.353642825264
2015-08-11;119.9;28;269.228355653583
2015-08-12;119.9;24;237.837085529598
2015-08-13;119.9;19;305.132422965523
2015-08-14;119.9;19;279.555336641761
2015-08-15;119.9;20;248.481101670321
2015-08-16;100.9;25;291.480297871544
2015-08-17;100.9;23;252.408721586906
2015-08-18;100.9;27;233.118463902314
2015-08-19;100.9;21;215.80313460074
2015-08-20;100.9;25;319.706097553412
2015-08-21;100.9;21;299.10510773898
2015-08-22;100.9;23;328.315602750871
2015-08-23;69.9;27;449.997117063782
2015-08-24;69.9;26;471.135575206112
2015-08-25;69.9;19;448.708837442046
2015-08-26;69.9;19;444.590372828356
2015-08-27;69.9;18;556.245977699694
2015-08-28;69.9;25;559.221756969681
2015-08-29;69.9;24;490.44707858827
2015-08-30;145.9;23;196.081312229675
2015-08-31;145.9;18;169.071795903957
2015-09-01;145.9;19;135.083234433483
2015-09-02;145.9;15;115.264876962989
2015-09-03;145.9;16;149.595724404717
2015-09-04;145.9;20;169.424742384149
2015-09-05;145.9;11;166.29356421063
2015-09-06;157.9;17;137.369594896881
2015-09-07;157.9;10;129.295395973914
2015-09-08;157.9;12;129.123381650206
2015-09-09;157.9;16;146.969757926581
2015-09-10;157.9;20;212.577231287439
2015-09-11;157.9;12;175.152004668043
2015-09-12;157.9;12;158.82730709791
2015-09-13;119.9;18;222.909312988404
2015-09-14;119.9;17;221.116560251696
2015-09-15;119.9;10;176.754508440484
2015-09-16;119.9;15;163.73870857327
2015-09-17;119.9;10;197.634166663264
2015-09-18;119.9;15;200.359352572778
2015-09-19;119.9;10;190.388429211634
2015-09-20;105.9;13;216.747500908549
2015-09-21;105.9;13;208.506928331213
2015-09-22;105.9;20;204.399812434594
2015-09-23;105.9;17;219.373852736023
2015-09-24;105.9;11;281.43175998656
2015-09-25;105.9;14;323.780488217367
2015-09-26;105.9;12;316.658700233124
2015-09-27;157.9;18;152.319080077076
2015-09-28;157.9;19;145.958080379967
2015-09-29;157.9;15;129.307447976892
2015-09-30;157.9;16;118.557813645581
2015-10-01;157.9;4;123.589076120897
2015-10-02;157.9;12;122.575322514974
2015-10-03;157.9;4;98.9669077150198
2015-10-04;137.9;12;151.886035812103
2015-10-05;137.9;7;147.728332636393
2015-10-06;137.9;4;131.458866294719
2015-10-07;137.9;8;143.85381133907
2015-10-08;137.9;4;201.801225077114
2015-10-09;137.9;2;185.592768378507
2015-10-10;137.9;6;199.769604858998
2015-10-11;107.9;7;238.893458960009
2015-10-12;107.9;10;239.345121452429
2015-10-13;107.9;8;196.382665615589
2015-10-14;107.9;7;180.4291541602
2015-10-15;107.9;4;227.137588847891
2015-10-16;107.9;7;228.673072653802
2015-10-17;107.9;3;195.255902259931
2015-10-18;100.9;4;196.519133782128
2015-10-19;100.9;8;182.346693758944
2015-10-20;100.9;12;166.377919590775
2015-10-21;100.9;2;171.45827887438
2015-10-22;100.9;5;249.336848782612
2015-10-23;100.9;5;253.800951988087
2015-10-24;100.9;5;251.643468423019
2015-10-25;119.9;11;227.201344655748
2015-10-26;119.9;11;216.468049186092
2015-10-27;119.9;5;170.099911377341
2015-10-28;119.9;10;183.989907509948
2015-10-29;119.9;8;223.067719898035
2015-10-30;119.9;12;227.2885246669
2015-10-31;119.9;7;192.465180305112
2015-11-01;105.9;-10;146.92176594889
2015-11-02;105.9;-11;120.363459508938
2015-11-03;105.9;-13;106.432556109719
2015-11-04;105.9;-14;121.275779937044
2015-11-05;105.9;-10;179.51327827842
2015-11-06;105.9;-9;190.686454795373
2015-11-07;105.9;-7;195.176122335631
2015-11-08;85.9;-15;206.93614549252
2015-11-09;85.9;-13;200.556531837903
2015-11-10;85.9;-9;213.911580776849
2015-11-11;85.9;-13;192.563189981315
2015-11-12;85.9;-8;262.242045078191
2015-11-13;85.9;-5;264.68502144786
2015-11-14;85.9;-12;229.418327901265
2015-11-15;85.9;-15;177.486507216913
2015-11-16;85.9;-15;169.67860346964
2015-11-17;85.9;-8;144.909156355586
2015-11-18;85.9;-13;142.877214808786
2015-11-19;85.9;-11;190.594333182441
2015-11-20;85.9;-8;198.308377633384
2015-11-21;85.9;-7;193.575179290066
2015-11-22;105.9;-5;159.146095053169
2015-11-23;105.9;-14;158.001015322564
2015-11-24;105.9;-9;150.248593088294
2015-11-25;105.9;-15;147.396984199563
2015-11-26;105.9;-14;204.993154638537
2015-11-27;105.9;-8;204.716387616449
2015-11-28;105.9;-15;165.499859666413
2015-11-29;105.9;-14;157.402215831119
2015-11-30;105.9;-6;173.969907124845
2015-12-01;105.9;-24;105.031558573261
2015-12-02;105.9;-23;95.6694592942246
2015-12-03;105.9;-22;120.979201502295
2015-12-04;105.9;-22;129.705204320563
2015-12-05;105.9;-26;134.821149564484
2015-12-06;95.9;-22;149.922391565433
2015-12-07;95.9;-27;150.382849273537
2015-12-08;95.9;-27;128.019123846735
2015-12-09;95.9;-21;148.821141758796
2015-12-10;95.9;-27;196.482800781189
2015-12-11;95.9;-25;179.179592469652
2015-12-12;95.9;-21;171.84688407078
2015-12-13;85.9;-24;161.28204472402
2015-12-14;85.9;-20;158.567116179422
2015-12-15;85.9;-20;137.049904918988
2015-12-16;85.9;-21;122.104638680724
2015-12-17;85.9;-30;145.995119303595
2015-12-18;85.9;-23;156.629512798399
2015-12-19;85.9;-20;146.916246354314
2015-12-20;79.9;-25;137.534857396893
2015-12-21;79.9;-24;143.055761622147
2015-12-22;79.9;-22;125.658739955965
2015-12-23;79.9;-21;142.3548635478
2015-12-24;79.9;-22;208.552921939818
2015-12-25;79.9;-23;217.415548925172
2015-12-26;79.9;-27;204.540907378006
2015-12-27;100.9;-22;141.712198446038
2015-12-28;100.9;-22;150.325632390337
2015-12-29;100.9;-22;121.37365672524
2015-12-30;100.9;-20;118.256463058951
2015-12-31;100.9;-27;139.989690754791
2016-01-01;126.9;-15;110.426221004356
2016-01-02;126.9;-14;106.314515548378
2016-01-03;107.9;-11;109.059746740562
2016-01-04;107.9;-11;129.086937228231
2016-01-05;107.9;-10;118.276965826468
2016-01-06;107.9;-5;135.081003358525
2016-01-07;107.9;-12;171.304936976115
2016-01-08;107.9;-13;181.538017070146
2016-01-09;107.9;-11;177.846628767323
2016-01-10;100.9;-6;192.80820437792
2016-01-11;100.9;-6;182.895733158853
2016-01-12;100.9;-5;167.958041765306
2016-01-13;100.9;-9;146.912911038669
2016-01-14;100.9;-15;178.499387611917
2016-01-15;100.9;-13;172.220814831511
2016-01-16;100.9;-6;162.62784346406
2016-01-17;107.9;-11;116.125642569421
2016-01-18;107.9;-5;119.48257821959
2016-01-19;107.9;-6;108.707213597083
2016-01-20;107.9;-6;100.801385312493
2016-01-21;107.9;-15;141.864492758806
2016-01-22;107.9;-6;156.011302420157
2016-01-23;107.9;-12;159.581009024422
2016-01-24;124.9;-15;119.140976951464
2016-01-25;124.9;-12;122.362077283157
2016-01-26;124.9;-15;114.741390832592
2016-01-27;124.9;-14;115.111893176043
2016-01-28;124.9;-11;147.895497983462
2016-01-29;124.9;-8;151.423188099063
2016-01-30;124.9;-11;132.956906274175
2016-01-31;79.9;-6;185.251991778901
2016-02-01;79.9;-17;164.268376748335
2016-02-02;79.9;-15;157.156846753637
2016-02-03;79.9;-15;151.732907301142
2016-02-04;79.9;-14;222.651126978325
2016-02-05;79.9;-13;228.900120773042
2016-02-06;79.9;-21;202.772471714933
2016-02-07;105.9;-19;158.241159138404
2016-02-08;105.9;-17;160.778654302876
2016-02-09;105.9;-14;152.185184823778
2016-02-10;105.9;-12;162.379910315109
2016-02-11;105.9;-17;193.675660216897
2016-02-12;105.9;-20;178.791231264508
2016-02-13;105.9;-11;174.047101466686
2016-02-14;107.9;-13;161.859454096637
2016-02-15;107.9;-14;137.963312770421
2016-02-16;107.9;-20;106.400864735256
2016-02-17;107.9;-21;111.536968913982
2016-02-18;107.9;-16;148.656211774697
2016-02-19;107.9;-11;143.148273537146
2016-02-20;107.9;-21;134.811026228932
2016-02-21;115.9;-15;118.630015268958
2016-02-22;115.9;-18;109.557497560743
2016-02-23;115.9;-16;111.841930932314
2016-02-24;115.9;-18;124.912206879494
2016-02-25;115.9;-19;185.806192647012
2016-02-26;115.9;-15;179.086432342513
2016-02-27;115.9;-12;169.259813722427
2016-02-28;157.9;-17;87.278550409405
2016-02-29;157.9;-18;80.025263443824
2016-03-01;157.9;-26;62.4824410180081
2016-03-02;157.9;-19;69.1427813422101
2016-03-03;157.9;-21;83.942722986505
2016-03-04;157.9;-22;92.5582377827582
2016-03-05;157.9;-25;84.8758297312468
2016-03-06;126.9;-23;121.736006208872
2016-03-07;126.9;-17;130.709881292038
2016-03-08;126.9;-26;105.018831606931
2016-03-09;126.9;-19;134.765562034716
2016-03-10;126.9;-21;176.567758676704
2016-03-11;126.9;-24;148.101384234089
2016-03-12;126.9;-27;141.749917368917
2016-03-13;124.9;-21;132.161191409097
2016-03-14;124.9;-23;123.242662177372
2016-03-15;124.9;-24;100.371277278178
2016-03-16;124.9;-22;102.573193683306
2016-03-17;124.9;-18;126.449366800126
2016-03-18;124.9;-26;115.487602199214
2016-03-19;124.9;-21;111.276453250725
2016-03-20;87.9;-24;159.018870285553
2016-03-21;87.9;-26;156.560599202724
2016-03-22;87.9;-18;154.593148641752
2016-03-23;87.9;-23;155.174771482889
2016-03-24;87.9;-22;238.147250966481
2016-03-25;87.9;-22;251.82831144826
2016-03-26;87.9;-20;253.053006329193
2016-03-27;69.9;-26;241.561221702592
2016-03-28;69.9;-25;237.318583733094
2016-03-29;69.9;-18;207.808468077491
2016-03-30;69.9;-27;182.563324989808
2016-03-31;69.9;-18;280.308800703548
2016-04-01;69.9;-7;270.907134929503
2016-04-02;69.9;-9;258.490236059275
2016-04-03;115.9;-15;134.035187083517
2016-04-04;115.9;-10;161.943148473431
2016-04-05;115.9;-13;134.990330396351
2016-04-06;115.9;-8;146.94936098643
2016-04-07;115.9;-15;207.460497952026
2016-04-08;115.9;-8;211.465509701321
2016-04-09;115.9;-14;196.165887418591
2016-04-10;124.9;-5;182.795167455583
2016-04-11;124.9;-6;178.441919441272
2016-04-12;124.9;-11;151.618456546984
2016-04-13;124.9;-9;131.664885640417
2016-04-14;124.9;-15;162.096069163964
2016-04-15;124.9;-15;150.341898875968
2016-04-16;124.9;-14;141.536928041392
2016-04-17;137.9;-10;112.239026588929
2016-04-18;137.9;-15;107.070758966109
2016-04-19;137.9;-9;91.5865695444625
2016-04-20;137.9;-7;92.0451784364966
2016-04-21;137.9;-13;127.210664136684
2016-04-22;137.9;-11;129.666642524301
2016-04-23;137.9;-7;140.338509308464
2016-04-24;115.9;-6;183.6914696316
2016-04-25;115.9;-12;182.506887859263
2016-04-26;115.9;-8;167.105168102251
2016-04-27;115.9;-12;153.637948731589
2016-04-28;115.9;-13;197.541825049673
2016-04-29;115.9;-8;201.413558387484
2016-04-30;115.9;-15;174.663456640805
2016-05-01;69.9;18;339.453025088448
2016-05-02;69.9;8;306.446080120754
2016-05-03;69.9;15;267.621682041156
2016-05-04;69.9;14;277.85053976943
2016-05-05;69.9;9;413.041647262758
2016-05-06;69.9;14;434.431734893447
2016-05-07;69.9;12;430.699858004713
2016-05-08;124.9;17;227.47835394442
2016-05-09;124.9;18;219.335806831086
2016-05-10;124.9;18;223.30525548619
2016-05-11;124.9;16;208.400922955209
2016-05-12;124.9;9;237.054362802605
2016-05-13;124.9;10;216.342424581007
2016-05-14;124.9;10;210.404528400723
2016-05-15;100.9;15;241.098332505584
2016-05-16;100.9;9;216.273185775802
2016-05-17;100.9;12;186.063023317925
2016-05-18;100.9;16;190.094207216246
2016-05-19;100.9;17;241.840852801496
2016-05-20;100.9;12;253.016929730642
2016-05-21;100.9;14;247.685961915338
2016-05-22;69.9;9;353.684822806581
2016-05-23;69.9;12;350.025245890112
2016-05-24;69.9;15;348.178581722153
2016-05-25;69.9;15;372.806526178049
2016-05-26;69.9;13;504.126992135531
2016-05-27;69.9;11;449.461734927925
2016-05-28;69.9;14;413.794015355395
2016-05-29;115.9;17;239.116500829037
2016-05-30;115.9;18;223.433335924326
2016-05-31;115.9;12;182.681743962343
2016-06-01;115.9;18;189.300500288919
2016-06-02;115.9;17;248.388076626496
2016-06-03;115.9;13;219.657690537728
2016-06-04;115.9;22;241.52938926716
2016-06-05;79.9;22;346.736478725556
2016-06-06;79.9;13;351.060899979024
2016-06-07;79.9;18;354.006176167705
2016-06-08;79.9;14;350.399841706322
2016-06-09;79.9;18;516.339587666701
2016-06-10;79.9;17;519.355500828167
2016-06-11;79.9;14;419.408453553095
2016-06-12;79.9;16;413.533141425108
2016-06-13;79.9;13;354.774370879119
2016-06-14;79.9;15;304.424396701883
2016-06-15;79.9;15;296.738787844229
2016-06-16;79.9;17;380.888524369496
2016-06-17;79.9;13;352.668117082901
2016-06-18;79.9;18;337.814140051968
2016-06-19;95.9;19;253.244236061179
2016-06-20;95.9;21;265.915800097363
2016-06-21;95.9;18;230.465587586322
2016-06-22;95.9;15;249.835076018517
2016-06-23;95.9;17;343.579093003118
2016-06-24;95.9;17;379.624072322572
2016-06-25;95.9;17;406.729118192558
2016-06-26;157.9;14;170.445675747431
2016-06-27;157.9;14;148.286096367609
2016-06-28;157.9;13;137.816008399881
2016-06-29;157.9;13;138.910146462929
2016-06-30;157.9;21;188.022940527745
2016-07-01;157.9;21;189.041184453167
2016-07-02;157.9;23;165.127366293545
2016-07-03;157.9;28;164.198743248134
2016-07-04;157.9;22;152.188323442466
2016-07-05;157.9;27;158.814159149111
2016-07-06;157.9;28;174.300012275694
2016-07-07;157.9;20;213.268736112695
2016-07-08;157.9;26;240.855598607487
2016-07-09;157.9;21;235.028957070413
2016-07-10;79.9;22;545.722374785986
2016-07-11;79.9;29;507.775041651149
2016-07-12;79.9;27;434.450930283601
2016-07-13;79.9;20;383.547421419833
2016-07-14;79.9;23;520.538528877232
2016-07-15;79.9;29;486.506092323983
2016-07-16;79.9;24;420.972253651281
2016-07-17;107.9;24;288.379286677954
2016-07-18;107.9;25;258.160604170481
2016-07-19;107.9;20;225.421329791075
2016-07-20;107.9;23;245.90973248961
2016-07-21;107.9;23;336.406047115338
2016-07-22;107.9;28;346.572858598914
2016-07-23;107.9;28;381.464751832659
2016-07-24;126.9;25;268.651269844556
2016-07-25;126.9;25;307.193630780962
2016-07-26;126.9;20;263.371005434885
2016-07-27;126.9;26;259.225043634792
2016-07-28;126.9;21;309.321451235442
2016-07-29;126.9;27;331.036619629045
2016-07-30;126.9;21;278.984639847574
2016-07-31;105.9;23;321.545347746425
2016-08-01;105.9;15;215.410130929005
2016-08-02;105.9;18;195.629159216182
2016-08-03;105.9;16;195.730123482501
2016-08-04;105.9;19;277.53752257594
2016-08-05;105.9;13;269.361998275286
2016-08-06;105.9;16;289.947026853676
2016-08-07;69.9;14;407.377422068714
2016-08-08;69.9;20;424.741507473614
2016-08-09;69.9;22;393.273749254735
2016-08-10;69.9;16;418.485108692376
2016-08-11;69.9;19;533.50446034596
2016-08-12;69.9;22;530.439736980372
2016-08-13;69.9;20;457.866152737044
2016-08-14;107.9;18;265.352354924603
2016-08-15;107.9;16;230.056188841295
2016-08-16;107.9;20;214.553339879089
2016-08-17;107.9;15;187.415906630757
2016-08-18;107.9;13;244.290707603559
2016-08-19;107.9;14;222.192517437399
2016-08-20;107.9;20;248.997602782059
2016-08-21;157.9;18;123.004505178731
2016-08-22;157.9;23;144.108094726384
2016-08-23;157.9;21;128.906591928959
2016-08-24;157.9;18;145.78810177984
2016-08-25;157.9;16;193.449888272632
2016-08-26;157.9;16;195.264848884966
2016-08-27;157.9;13;171.794830038851
2016-08-28;87.9;20;338.087300889156
2016-08-29;87.9;13;327.528927101622
2016-08-30;87.9;14;286.805821203312
2016-08-31;87.9;22;271.403538868923
2016-09-01;87.9;16;310.383683740971
2016-09-02;87.9;18;308.544425945499
2016-09-03;87.9;18;269.645364223526
2016-09-04;137.9;15;148.927922021476
2016-09-05;137.9;13;153.870489246605
2016-09-06;137.9;18;144.214107783666
2016-09-07;137.9;13;149.336281703383
2016-09-08;137.9;17;207.070478934903
2016-09-09;137.9;17;203.569366408682
2016-09-10;137.9;11;211.227227047282
2016-09-11;124.9;16;224.778869094858
2016-09-12;124.9;18;191.902944998099
2016-09-13;124.9;11;163.554641788594
2016-09-14;124.9;21;175.760050364256
2016-09-15;124.9;14;214.583856240524
2016-09-16;124.9;17;212.162091177864
2016-09-17;124.9;11;158.74371633284
2016-09-18;100.9;21;219.151509435001
2016-09-19;100.9;13;195.241744344568
2016-09-20;100.9;14;188.787646064068
2016-09-21;100.9;14;192.684651670462
2016-09-22;100.9;16;256.364530516548
2016-09-23;100.9;20;289.944475492407
2016-09-24;100.9;11;285.639100972161
2016-09-25;115.9;14;242.249680739778
2016-09-26;115.9;17;252.295592641167
2016-09-27;115.9;15;194.971752722733
2016-09-28;115.9;19;203.652776638775
2016-09-29;115.9;16;249.786390111013
2016-09-30;115.9;21;265.217143866821
2016-10-01;115.9;0;170.870776923128
2016-10-02;85.9;3;226.736449680396
2016-10-03;85.9;-2;187.762168963335
2016-10-04;85.9;3;206.699154432852
2016-10-05;85.9;3;217.646021838226
2016-10-06;85.9;1;285.646467911007
2016-10-07;85.9;0;289.905187765006
2016-10-08;85.9;3;296.66994219201
2016-10-09;87.9;-2;263.150434878689
2016-10-10;87.9;6;294.074249200467
2016-10-11;87.9;6;239.468369784825
2016-10-12;87.9;5;244.21909895138
2016-10-13;87.9;5;289.258413210126
2016-10-14;87.9;5;281.877806315952
2016-10-15;87.9;4;244.874947163026
2016-10-16;69.9;1;267.109909943659
2016-10-17;69.9;8;264.970597471743
2016-10-18;69.9;2;211.08210739332
2016-10-19;69.9;6;198.923322058297
2016-10-20;69.9;1;284.772231824027
2016-10-21;69.9;2;279.990335154194
2016-10-22;69.9;1;301.007326907317
2016-10-23;115.9;4;172.187678297562
2016-10-24;115.9;-1;170.582612825916
2016-10-25;115.9;8;194.039383296659
2016-10-26;115.9;0;175.837028923208
2016-10-27;115.9;4;224.552458925902
2016-10-28;115.9;8;217.517726473133
2016-10-29;115.9;2;203.49776719267
2016-10-30;107.9;8;207.812904531636
2016-10-31;107.9;5;182.36510378878
2016-11-01;107.9;-19;108.784344785543
2016-11-02;107.9;-20;95.9347241601956
2016-11-03;107.9;-18;128.439686690228
2016-11-04;107.9;-21;139.858808348915
2016-11-05;107.9;-15;151.866063566765
2016-11-06;79.9;-16;189.33409085639
2016-11-07;79.9;-12;204.242752742439
2016-11-08;79.9;-12;183.191821740959
2016-11-09;79.9;-18;186.208106495647
2016-11-10;79.9;-14;287.296287633211
2016-11-11;79.9;-14;254.971937996535
2016-11-12;79.9;-15;233.304526552506
2016-11-13;119.9;-20;125.125053741752
2016-11-14;119.9;-21;119.130087870513
2016-11-15;119.9;-17;104.02707547015
2016-11-16;119.9;-16;101.072205571352
2016-11-17;119.9;-19;115.372845562699
2016-11-18;119.9;-21;108.580221880761
2016-11-19;119.9;-20;99.2944078463923
2016-11-20;145.9;-11;82.8368450704666
2016-11-21;145.9;-21;73.9596255260235
2016-11-22;145.9;-12;73.1099915969056
2016-11-23;145.9;-11;82.4542308119447
2016-11-24;145.9;-16;112.343294274171
2016-11-25;145.9;-11;125.476577454115
2016-11-26;145.9;-13;118.0629619754
2016-11-27;157.9;-13;84.8384049094389
2016-11-28;157.9;-21;81.5720485511183
2016-11-29;157.9;-16;74.3055759733006
2016-11-30;157.9;-19;64.1216829398008
2016-12-01;157.9;-18;73.746011595888
2016-12-02;157.9;-19;66.2831669712925
2016-12-03;157.9;-23;56.4432391189469
2016-12-04;85.9;-19;140.915380519826
2016-12-05;85.9;-14;161.575423392058
2016-12-06;85.9;-22;123.392032105246
2016-12-07;85.9;-23;137.909877586524
2016-12-08;85.9;-17;194.56719449041
2016-12-09;85.9;-21;201.133462007643
2016-12-10;85.9;-16;204.132826812327
2016-12-11;105.9;-16;145.920423256362
2016-12-12;105.9;-18;135.085882320154
2016-12-13;105.9;-17;113.191456322681
2016-12-14;105.9;-14;108.431160752782
2016-12-15;105.9;-18;134.972429769449
2016-12-16;105.9;-13;132.991515002844
2016-12-17;105.9;-15;123.249451239015
2016-12-18;69.9;-16;163.424934708082
2016-12-19;69.9;-22;144.808570434107
2016-12-20;69.9;-15;140.049511219253
2016-12-21;69.9;-18;145.047272256559
2016-12-22;69.9;-16;197.005678374477
2016-12-23;69.9;-19;201.362692340452
2016-12-24;69.9;-17;221.408313573664
2016-12-25;126.9;-22;107.510485238687
2016-12-26;126.9;-19;108.081336337985
2016-12-27;126.9;-16;95.8804027614357
2016-12-28;126.9;-13;98.8272150308574
2016-12-29;126.9;-17;111.866156001405
2016-12-30;126.9;-17;112.860409180766
2016-12-31;126.9;-20;96.141069905566
2017-01-01;145.9;-15;72.3097164241064
2017-01-02;145.9;-22;63.8158887142396
2017-01-03;145.9;-16;59.6378908907223
2017-01-04;145.9;-20;65.7566998138418
2017-01-05;145.9;-22;86.8375671309427
2017-01-06;145.9;-20;92.1569692115113
2017-01-07;145.9;-20;89.3061828786593
2017-01-08;124.9;-16;120.852643386767
2017-01-09;124.9;-22;107.418904760476
2017-01-10;124.9;-24;99.4621098644906
2017-01-11;124.9;-16;103.683508384025
2017-01-12;124.9;-17;137.577398194145
2017-01-13;124.9;-17;123.940516050533
2017-01-14;124.9;-18;118.196842737357
2017-01-15;87.9;-24;143.146353035917
2017-01-16;87.9;-17;130.211031377024
2017-01-17;87.9;-19;116.961491447714
2017-01-18;87.9;-22;113.667120980614
2017-01-19;87.9;-16;140.941182024023
2017-01-20;87.9;-16;162.673957363244
2017-01-21;87.9;-21;146.390167616406
2017-01-22;137.9;-19;79.0479961441246
2017-01-23;137.9;-22;83.4266265167925
2017-01-24;137.9;-22;76.0964080967799
2017-01-25;137.9;-21;85.4760457256944
2017-01-26;137.9;-19;119.704694164953
2017-01-27;137.9;-17;106.042267868166
2017-01-28;137.9;-20;96.8185124252151
2017-01-29;126.9;-23;99.4864618931347
2017-01-30;126.9;-24;99.4080411941143
2017-01-31;126.9;-18;82.3198992292342
2017-02-01;126.9;-24;77.0079348076975
2017-02-02;126.9;-21;104.47554584053
2017-02-03;126.9;-27;100.619345037708
2017-02-04;126.9;-23;102.105414737629
2017-02-05;124.9;-25;102.687120435835
2017-02-06;124.9;-29;97.2919151662172
2017-02-07;124.9;-28;89.2840473537988
2017-02-08;124.9;-21;106.126618835795
2017-02-09;124.9;-28;137.38325811291
2017-02-10;124.9;-29;132.169609606347
2017-02-11;124.9;-29;126.746601011442
2017-02-12;105.9;-23;143.273947872138
2017-02-13;105.9;-28;129.889929591006
2017-02-14;105.9;-22;106.810925327801
2017-02-15;105.9;-20;110.709339740353
2017-02-16;105.9;-25;131.589219073981
2017-02-17;105.9;-22;128.635394838645
2017-02-18;105.9;-22;121.862766318182
2017-02-19;69.9;-21;160.620509019324
2017-02-20;69.9;-29;141.768725106916
2017-02-21;69.9;-22;145.253142084432
2017-02-22;69.9;-21;164.52516136063
2017-02-23;69.9;-21;232.053208529886
2017-02-24;69.9;-29;208.56981268341
2017-02-25;69.9;-27;246.556984809166
2017-02-26;100.9;-30;142.393593029965
2017-02-27;100.9;-21;158.448030791457
2017-02-28;100.9;-23;133.63941893433
2017-03-01;100.9;-14;122.337428733071
2017-03-02;100.9;-13;173.597069433994
2017-03-03;100.9;-15;157.320714671675
2017-03-04;100.9;-14;178.845160594748
2017-03-05;100.9;-11;163.745432148448
2017-03-06;100.9;-17;169.25994804305
2017-03-07;100.9;-20;148.074733329939
2017-03-08;100.9;-13;151.7371213274
2017-03-09;100.9;-11;242.180872255775
2017-03-10;100.9;-15;232.829605040307
2017-03-11;100.9;-21;193.75368349986
2017-03-12;137.9;-19;105.539910453045
2017-03-13;137.9;-16;105.689628957119
2017-03-14;137.9;-17;96.0870039480967
2017-03-15;137.9;-18;89.2056995025501
2017-03-16;137.9;-21;108.606099104202
2017-03-17;137.9;-20;100.387674389467
2017-03-18;137.9;-12;99.740483660859
2017-03-19;79.9;-18;155.615701869997
2017-03-20;79.9;-19;166.364591708646
2017-03-21;79.9;-12;168.660163137679
2017-03-22;79.9;-18;157.105118665977
2017-03-23;79.9;-11;247.940662863066
2017-03-24;79.9;-13;244.621723081906
2017-03-25;79.9;-20;241.365591170874
2017-03-26;85.9;-17;215.381902541388
2017-03-27;85.9;-21;193.332623134683
2017-03-28;85.9;-19;167.632468125115
2017-03-29;85.9;-19;180.96277842931
2017-03-30;85.9;-13;244.403159186956
2017-03-31;85.9;-14;210.053997627128
2017-04-01;85.9;-4;221.216447045235
2017-04-02;79.9;-8;200.909180038598
2017-04-03;79.9;-9;193.700027503019
2017-04-04;79.9;-1;201.553958881675
2017-04-05;79.9;-1;214.312700558048
2017-04-06;79.9;-5;283.491171064682
2017-04-07;79.9;-3;311.216632124541
2017-04-08;79.9;-7;287.69008067959
2017-04-09;87.9;-9;258.906536398782
2017-04-10;87.9;-1;278.997217261036
2017-04-11;87.9;-3;240.538872174661
2017-04-12;87.9;-4;229.084171406169
2017-04-13;87.9;-1;283.234000859262
2017-04-14;87.9;-9;255.15614344698
2017-04-15;87.9;1;247.166764862145
2017-04-16;124.9;1;146.061963990346
2017-04-17;124.9;-2;129.294374045135
2017-04-18;124.9;1;106.932389153883
2017-04-19;124.9;1;105.729614602764
2017-04-20;124.9;-9;148.973357553616
2017-04-21;124.9;-1;155.43588720302
2017-04-22;124.9;-3;164.874770558886
2017-04-23;107.9;1;177.485925465157
2017-04-24;107.9;0;179.239294473013
2017-04-25;107.9;-7;172.735615611109
2017-04-26;107.9;-3;180.541392535563
2017-04-27;107.9;-5;234.129341080508
2017-04-28;107.9;0;223.826092963083
2017-04-29;107.9;-8;181.461053602253
2017-04-30;95.9;-5;207.487093758302
2017-05-01;95.9;8;208.772741706291
2017-05-02;95.9;3;177.382144074677
2017-05-03;95.9;1;180.064755930644
2017-05-04;95.9;1;236.378224771892
2017-05-05;95.9;3;265.984140493979
2017-05-06;95.9;3;256.403988532605
2017-05-07;157.9;7;126.266035762455
2017-05-08;157.9;9;133.71259417482
2017-05-09;157.9;4;110.846461936006
2017-05-10;157.9;6;133.898375795975
2017-05-11;157.9;0;152.894451411725
2017-05-12;157.9;2;144.000319293211
2017-05-13;157.9;9;141.591489768203
2017-05-14;95.9;9;261.290550801778
2017-05-15;95.9;4;238.992735597373
2017-05-16;95.9;4;183.249830075896
2017-05-17;95.9;5;186.319192018965
2017-05-18;95.9;9;245.466332882632
2017-05-19;95.9;5;225.898450857334
2017-05-20;95.9;7;214.002144897361
2017-05-21;126.9;6;144.776654228116
2017-05-22;126.9;5;148.846751754992
2017-05-23;126.9;2;136.361876159337
2017-05-24;126.9;10;166.262132328894
2017-05-25;126.9;0;218.412926448368
2017-05-26;126.9;0;208.559232362676
2017-05-27;126.9;0;187.231957192035
2017-05-28;79.9;5;308.529405702198
2017-05-29;79.9;10;299.845691516072
2017-05-30;79.9;10;266.95977287382
2017-05-31;79.9;6;232.580375451842
2017-06-01;79.9;21;372.656488900706
2017-06-02;79.9;15;328.671432751448
2017-06-03;79.9;19;299.502006764745
2017-06-04;87.9;19;274.66284666444
2017-06-05;87.9;15;280.587125036568
2017-06-06;87.9;12;270.013725792689
2017-06-07;87.9;20;287.984017974594
2017-06-08;87.9;17;388.36324268508
2017-06-09;87.9;14;411.669518569755
2017-06-10;87.9;14;408.922326166473
2017-06-11;105.9;14;268.315557470825
2017-06-12;105.9;19;277.310092556433
2017-06-13;105.9;17;250.926249458486
2017-06-14;105.9;16;223.98685381704
2017-06-15;105.9;17;288.344979284009
2017-06-16;105.9;17;273.796531863645
2017-06-17;105.9;19;252.320805601606
2017-06-18;69.9;13;311.137333466002
2017-06-19;69.9;16;311.044667156262
2017-06-20;69.9;15;289.40707473667
2017-06-21;69.9;13;283.005987745685
2017-06-22;69.9;13;385.312761971592
2017-06-23;69.9;13;428.625155895751
2017-06-24;69.9;12;426.593863678769
2017-06-25;115.9;13;256.256449326108
2017-06-26;115.9;14;260.2834568567
2017-06-27;115.9;21;244.731517443628
2017-06-28;115.9;16;214.227003023366
2017-06-29;115.9;20;289.033905707111
2017-06-30;115.9;21;281.218730247471
2017-07-01;115.9;25;279.684893917326
2017-07-02;145.9;24;164.674368574905
2017-07-03;145.9;24;160.739851598444
2017-07-04;145.9;19;151.114411660922
2017-07-05;145.9;19;156.030552923476
2017-07-06;145.9;19;226.838689350573
2017-07-07;145.9;19;239.579234936623
2017-07-08;145.9;26;255.584695828043
2017-07-09;137.9;19;239.693093029618
2017-07-10;137.9;18;248.522437025916
2017-07-11;137.9;22;228.76895094878
2017-07-12;137.9;20;188.828523930226
2017-07-13;137.9;20;255.807253096343
2017-07-14;137.9;18;231.419728803486
2017-07-15;137.9;22;217.968755752982
2017-07-16;105.9;24;277.917246456414
2017-07-17;105.9;26;268.36204331555
2017-07-18;105.9;21;221.438069855854
2017-07-19;105.9;18;204.39167079652
2017-07-20;105.9;25;297.429804833915
2017-07-21;105.9;26;312.694664940036
2017-07-22;105.9;22;306.908111554735
2017-07-23;115.9;24;275.539921502058
2017-07-24;115.9;27;288.884848614415
2017-07-25;115.9;22;281.733315288889
2017-07-26;115.9;28;274.007428244181
2017-07-27;115.9;20;331.894018107331
2017-07-28;115.9;24;340.253867621715
2017-07-29;115.9;26;313.836802077542
2017-07-30;145.9;18;186.265908956839
2017-07-31;145.9;22;182.936130363272
2017-08-01;145.9;29;132.68418216674
2017-08-02;145.9;31;134.120980034085
2017-08-03;145.9;31;169.51287195656
2017-08-04;145.9;24;177.924188445006
2017-08-05;145.9;23;170.425132669999
2017-08-06;105.9;26;259.075485090291
2017-08-07;105.9;29;267.584607349461
2017-08-08;105.9;24;256.607864977273
2017-08-09;105.9;25;268.165446811863
2017-08-10;105.9;30;411.852102309117
2017-08-11;105.9;27;345.850635354781
2017-08-12;105.9;27;318.471983545947
2017-08-13;95.9;26;327.117247137377
2017-08-14;95.9;30;308.558471223474
2017-08-15;95.9;28;239.963260921921
2017-08-16;95.9;32;265.621720525175
2017-08-17;95.9;26;306.259302190468
2017-08-18;95.9;32;303.545867941402
2017-08-19;95.9;23;274.713675769611
2017-08-20;95.9;30;248.788582469256
2017-08-21;95.9;28;260.855327762612
2017-08-22;95.9;22;226.893662163215
2017-08-23;95.9;31;271.27501378792
2017-08-24;95.9;27;365.047755599411
2017-08-25;95.9;31;401.585936964721
2017-08-26;95.9;30;425.564287502725
2017-08-27;100.9;31;324.76247640409
2017-08-28;100.9;29;307.061918540417
2017-08-29;100.9;32;273.989870648361
2017-08-30;100.9;31;251.874830776212
2017-08-31;100.9;22;323.105254278174
2017-09-01;100.9;22;264.384494104088
2017-09-02;100.9;22;237.527240348315
2017-09-03;124.9;24;158.888280595302
2017-09-04;124.9;23;173.102852686257
2017-09-05;124.9;18;152.12122363258
2017-09-06;124.9;20;165.924875519185
2017-09-07;124.9;17;215.322057405219
2017-09-08;124.9;22;234.305714014203
2017-09-09;124.9;23;240.928171765351
2017-09-10;126.9;17;223.327559419629
2017-09-11;126.9;20;197.901144683403
2017-09-12;126.9;21;184.864101541119
2017-09-13;126.9;22;168.809166993231
2017-09-14;126.9;22;226.395382829464
2017-09-15;126.9;21;201.433633713433
2017-09-16;126.9;17;184.807165511484
2017-09-17;85.9;15;247.236862797181
2017-09-18;85.9;22;261.851338407096
2017-09-19;85.9;18;207.844964781474
2017-09-20;85.9;17;190.991394986435
2017-09-21;85.9;15;282.036259116053
2017-09-22;85.9;25;316.618193722807
2017-09-23;85.9;18;294.574909539081
2017-09-24;79.9;15;302.607857840358
2017-09-25;79.9;24;346.957368520811
2017-09-26;79.9;17;311.545991997759
2017-09-27;79.9;20;296.530811193925
2017-09-28;79.9;20;382.714509679274
2017-09-29;79.9;21;359.974142992704
2017-09-30;79.9;25;360.920244850979
2017-10-01;100.9;15;208.849719914994
2017-10-02;100.9;20;201.757358662692
2017-10-03;100.9;15;160.417801523934
2017-10-04;100.9;13;167.255334513766
2017-10-05;100.9;16;235.966789439251
2017-10-06;100.9;14;245.072422886878
2017-10-07;100.9;13;257.518120745213
2017-10-08;107.9;18;235.151374728264
2017-10-09;107.9;19;244.732717622962
2017-10-10;107.9;14;213.71343329543
2017-10-11;107.9;20;230.702940886507
2017-10-12;107.9;19;270.323505978686
2017-10-13;107.9;17;253.594022662766
2017-10-14;107.9;15;240.048117626713
2017-10-15;87.9;12;244.95002127016
2017-10-16;87.9;11;227.786701071155
2017-10-17;87.9;20;199.758226860404
2017-10-18;87.9;12;182.368640327304
2017-10-19;87.9;19;246.949073640225
2017-10-20;87.9;13;233.685440927844
2017-10-21;87.9;21;255.387313163425
2017-10-22;95.9;14;211.836332678759
2017-10-23;95.9;11;225.98197530015
2017-10-24;95.9;15;224.683817555119
2017-10-25;95.9;21;253.031110494161
2017-10-26;95.9;13;309.820598467209
2017-10-27;95.9;17;297.825072950031
2017-10-28;95.9;12;263.411030744159
2017-10-29;115.9;15;198.872571607268
2017-10-30;115.9;19;185.044126799604
2017-10-31;115.9;16;159.807179069367
2017-11-01;115.9;2;109.411288608167
2017-11-02;115.9;1;131.063851827416
2017-11-03;115.9;5;136.680043841764
2017-11-04;115.9;0;135.348722364952
2017-11-05;69.9;2;224.945149832539
2017-11-06;69.9;1;245.034871571815
2017-11-07;69.9;8;233.785735411069
2017-11-08;69.9;3;229.485863058384
2017-11-09;69.9;6;339.170184932865
2017-11-10;69.9;-2;328.23274530239
2017-11-11;69.9;0;298.558790053617
2017-11-12;95.9;8;198.903897199447
2017-11-13;95.9;5;189.621644588948
2017-11-14;95.9;2;161.66362479233
2017-11-15;95.9;1;149.068184223675
2017-11-16;95.9;5;186.110498315626
2017-11-17;95.9;6;188.297290311311
2017-11-18;95.9;8;167.196990129727
2017-11-19;87.9;-1;148.734398659331
2017-11-20;87.9;3;161.428905046593
2017-11-21;87.9;1;149.833889018139
2017-11-22;87.9;8;163.546691771861
2017-11-23;87.9;5;237.30417765025
2017-11-24;87.9;5;242.246151711562
2017-11-25;87.9;-2;241.28196296674
2017-11-26;137.9;5;131.972936542524
2017-11-27;137.9;6;119.594130824632
2017-11-28;137.9;3;105.764792820548
2017-11-29;137.9;4;98.8514312984884
2017-11-30;137.9;4;130.989034024076
2017-12-01;137.9;-11;88.7857573523199
2017-12-02;137.9;-14;83.1072909127675
2017-12-03;69.9;-19;142.152678205894
2017-12-04;69.9;-16;154.683742519435
2017-12-05;69.9;-11;158.016195917383
2017-12-06;69.9;-11;168.577136016794
2017-12-07;69.9;-11;232.236407446168
2017-12-08;69.9;-18;226.074419629207
2017-12-09;69.9;-18;224.817326566774
2017-12-10;157.9;-11;84.6794564933565
2017-12-11;157.9;-13;77.9597764677656
2017-12-12;157.9;-9;64.2066915215922
2017-12-13;157.9;-11;66.2473164738464
2017-12-14;157.9;-9;85.5985811272345
2017-12-15;157.9;-15;69.5965977097722
2017-12-16;157.9;-12;72.1900678253248
2017-12-17;87.9;-17;123.086139852434
2017-12-18;87.9;-15;117.801517226703
2017-12-19;87.9;-12;107.018620995467
2017-12-20;87.9;-14;112.821856362489
2017-12-21;87.9;-10;148.460323498962
2017-12-22;87.9;-19;155.850519524534
2017-12-23;87.9;-19;150.703409386527
2017-12-24;105.9;-12;123.553228301377
2017-12-25;105.9;-19;134.405546166869
2017-12-26;105.9;-12;124.672868971652
2017-12-27;105.9;-13;125.707447888865
2017-12-28;105.9;-17;161.784573286551
2017-12-29;105.9;-10;149.998881897299
2017-12-30;105.9;-16;124.792852006507
2017-12-31;87.9;-11;131.656364847202
2018-01-01;87.9;-24;124.203754986332
2018-01-02;87.9;-29;98.9813376160932
2018-01-03;87.9;-19;102.576956204598
2018-01-04;87.9;-25;143.931007114328
2018-01-05;87.9;-24;154.590535353512
2018-01-06;87.9;-19;161.900784117011
2018-01-07;85.9;-28;147.770900759353
2018-01-08;85.9;-26;137.897752286368
2018-01-09;85.9;-27;140.124041173393
2018-01-10;85.9;-27;141.59652846588
2018-01-11;85.9;-22;197.789438219888
2018-01-12;85.9;-23;167.783516683994
2018-01-13;85.9;-23;169.933036762381
2018-01-14;85.9;-22;152.017974593845
2018-01-15;85.9;-21;129.679690888837
2018-01-16;85.9;-23;119.847301617698
2018-01-17;85.9;-22;106.209495474081
2018-01-18;85.9;-23;139.51599474051
2018-01-19;85.9;-19;144.067684929602
2018-01-20;85.9;-22;132.061435180296
2018-01-21;95.9;-24;110.283881073507
2018-01-22;95.9;-29;107.307113189261
2018-01-23;95.9;-22;114.210227776356
2018-01-24;95.9;-25;115.185295095014
2018-01-25;95.9;-28;160.029937225431
2018-01-26;95.9;-21;178.659053904307
2018-01-27;95.9;-26;151.245935654712
2018-01-28;115.9;-26;112.82914519714
2018-01-29;115.9;-26;99.2622733548007
2018-01-30;115.9;-23;89.1624256802957
2018-01-31;115.9;-21;85.7385833865225
2018-02-01;115.9;-22;110.95067889781
2018-02-02;115.9;-16;110.31729169354
2018-02-03;115.9;-24;94.0004100304803
2018-02-04;119.9;-20;102.702231543037
2018-02-05;119.9;-22;96.4098770733344
2018-02-06;119.9;-18;100.535035542155
2018-02-07;119.9;-20;102.751104148322
2018-02-08;119.9;-17;139.593258313749
2018-02-09;119.9;-18;151.105540877855
2018-02-10;119.9;-17;148.724904907379
2018-02-11;95.9;-24;168.954049403522
2018-02-12;95.9;-15;161.106238405457
2018-02-13;95.9;-21;125.905489267203
2018-02-14;95.9;-19;125.378274613575
2018-02-15;95.9;-24;156.65921992701
2018-02-16;95.9;-23;150.801505123784
2018-02-17;95.9;-14;156.431728783683
2018-02-18;95.9;-21;126.549156797672
2018-02-19;95.9;-21;113.808106395669
2018-02-20;95.9;-23;100.694040557651
2018-02-21;95.9;-14;112.44989935135
2018-02-22;95.9;-17;154.308559621853
2018-02-23;95.9;-21;148.859002086618
2018-02-24;95.9;-24;152.342803595367
2018-02-25;157.9;-20;78.1473218751551
2018-02-26;157.9;-17;86.9798826740621
2018-02-27;157.9;-22;67.9573123555466
2018-02-28;157.9;-18;68.4719927110862
2018-03-01;157.9;-11;91.062640635588
2018-03-02;157.9;-14;81.6999653491398
2018-03-03;157.9;-12;71.0129905155028
2018-03-04;85.9;-13;174.560709673873
2018-03-05;85.9;-10;180.100663248877
2018-03-06;85.9;-14;156.756127944894
2018-03-07;85.9;-15;175.328746093962
2018-03-08;85.9;-18;233.984908744378
2018-03-09;85.9;-19;237.370666643735
2018-03-10;85.9;-10;251.258678723565
2018-03-11;85.9;-18;202.832772931329
2018-03-12;85.9;-17;190.935696737968
2018-03-13;85.9;-18;158.953163173992
2018-03-14;85.9;-17;160.105216647517
2018-03-15;85.9;-12;207.795665433574
2018-03-16;85.9;-20;185.3706454574
2018-03-17;85.9;-13;177.152649308513
2018-03-18;100.9;-17;126.638227273219
2018-03-19;100.9;-12;118.855811841453
2018-03-20;100.9;-14;118.318097460035
2018-03-21;100.9;-16;114.795690098344
2018-03-22;100.9;-11;168.866081154813
2018-03-23;100.9;-11;183.693493549221
2018-03-24;100.9;-19;163.356192741355
2018-03-25;100.9;-12;187.131188239028
2018-03-26;100.9;-16;172.765083999532
2018-03-27;100.9;-13;144.89463604145
2018-03-28;100.9;-19;142.006226789193
2018-03-29;100.9;-18;185.080045146329
2018-03-30;100.9;-15;178.710927977425
2018-03-31;100.9;-18;162.695552431719
2018-04-01;115.9;-2;138.708905692892
2018-04-02;115.9;-1;138.409549396115
2018-04-03;115.9;-7;103.116499473079
2018-04-04;115.9;-6;123.57776553258
2018-04-05;115.9;-8;164.796554109019
2018-04-06;115.9;-3;196.213961855771
2018-04-07;115.9;-11;156.326878805313
2018-04-08;95.9;-9;203.418138631398
2018-04-09;95.9;-4;224.884066857789
2018-04-10;95.9;-8;200.389632230355
2018-04-11;95.9;-2;187.363021936934
2018-04-12;95.9;-9;244.376981786713
2018-04-13;95.9;-7;230.030620382491
2018-04-14;95.9;-8;195.476982826656
2018-04-15;105.9;-4;159.149350151294
2018-04-16;105.9;-9;146.958072149627
2018-04-17;105.9;-1;137.360265288631
2018-04-18;105.9;-10;130.066328627985
2018-04-19;105.9;-7;156.878832303885
2018-04-20;105.9;-11;149.552661357829
2018-04-21;105.9;-10;160.42003088615
2018-04-22;124.9;-2;144.839592021473
2018-04-23;124.9;-9;128.501687537386
2018-04-24;124.9;-1;128.110395227276
2018-04-25;124.9;-1;144.855298349651
2018-04-26;124.9;-6;185.384688122725
2018-04-27;124.9;-1;181.43066015392
2018-04-28;124.9;-5;154.996084807388
2018-04-29;157.9;-1;101.712461581243
2018-04-30;157.9;-6;88.5292759417126
2018-05-01;157.9;-2;76.3470879593396
2018-05-02;157.9;-1;76.7224011811161
2018-05-03;157.9;-1;96.767709029615
2018-05-04;157.9;1;114.020736150605
2018-05-05;157.9;4;114.569575507379
2018-05-06;145.9;1;121.946154861861
2018-05-07;145.9;2;132.16474030711
2018-05-08;145.9;1;120.726343084967
2018-05-09;145.9;2;129.08031444959
2018-05-10;145.9;3;175.945252838433
2018-05-11;145.9;7;162.466290072478
2018-05-12;145.9;2;153.16638816175
2018-05-13;145.9;1;131.767009940325
2018-05-14;145.9;-1;114.531902671694
2018-05-15;145.9;1;104.892454619069
2018-05-16;145.9;2;94.24896276472
2018-05-17;145.9;3;120.540388540311
2018-05-18;145.9;-1;113.610938517814
2018-05-19;145.9;6;118.56393847191
2018-05-20;137.9;-1;107.750743808731
2018-05-21;137.9;5;120.28649049477
2018-05-22;137.9;-1;105.902082293216
2018-05-23;137.9;-1;113.737715086995
2018-05-24;137.9;1;155.198712104603
2018-05-25;137.9;1;174.280149194052
2018-05-26;137.9;5;181.18171851607
2018-05-27;87.9;2;258.930375905229
2018-05-28;87.9;0;258.567265690496
2018-05-29;87.9;4;223.069581080159
2018-05-30;87.9;2;216.1773416751
2018-05-31;87.9;-1;260.386935343127
2018-06-01;87.9;14;291.34211291726
2018-06-02;87.9;15;266.763487774184
2018-06-03;115.9;10;163.16008756577
2018-06-04;115.9;9;186.189281314494
2018-06-05;115.9;12;180.341504519651
2018-06-06;115.9;15;184.48806119061
2018-06-07;115.9;9;239.009025522462
2018-06-08;115.9;9;252.576455998755
2018-06-09;115.9;14;248.629858816128
2018-06-10;79.9;13;359.566273810627
2018-06-11;79.9;13;375.953575689404
2018-06-12;79.9;17;320.174470074716
2018-06-13;79.9;15;283.084437891438
2018-06-14;79.9;14;365.839028019704
2018-06-15;79.9;7;305.106657090136
2018-06-16;79.9;13;298.477752497958
2018-06-17;119.9;11;181.133895118088
2018-06-18;119.9;11;164.400449933619
2018-06-19;119.9;8;136.126950242071
2018-06-20;119.9;13;132.723297652948
2018-06-21;119.9;12;185.58423378417
2018-06-22;119.9;15;216.40733727878
2018-06-23;119.9;11;201.594113808383
2018-06-24;105.9;8;240.457306940602
2018-06-25;105.9;14;265.91568279353
2018-06-26;105.9;13;238.54240120079
2018-06-27;105.9;14;221.128840931523
2018-06-28;105.9;9;291.973490140641
2018-06-29;105.9;8;269.210340929071
2018-06-30;105.9;14;249.420554171684
2018-07-01;87.9;21;308.007572631656
2018-07-02;87.9;22;296.677970839933
2018-07-03;87.9;21;261.127443385956
2018-07-04;87.9;19;269.740153617089
2018-07-05;87.9;23;406.060953902144
2018-07-06;87.9;25;404.952773861785
2018-07-07;87.9;24;429.777567792677
2018-07-08;145.9;18;194.575858113924
2018-07-09;145.9;26;209.118710828459
2018-07-10;145.9;27;198.897812922728
2018-07-11;145.9;20;174.719356451862
2018-07-12;145.9;19;228.764914263047
2018-07-13;145.9;27;217.674721361135
2018-07-14;145.9;21;192.971844973445
2018-07-15;107.9;28;301.030249764338
2018-07-16;107.9;25;249.550421646737
2018-07-17;107.9;26;222.691671763816
2018-07-18;107.9;25;216.428445202594
2018-07-19;107.9;27;280.471038035433
2018-07-20;107.9;18;272.737047338674
2018-07-21;107.9;27;260.872694924126
2018-07-22;69.9;23;395.759822068131
2018-07-23;69.9;21;416.463246839378
2018-07-24;69.9;27;389.456018067357
2018-07-25;69.9;19;430.855175986422
2018-07-26;69.9;20;572.375100152618
2018-07-27;69.9;22;515.260890606277
2018-07-28;69.9;24;504.322935437044
2018-07-29;69.9;24;481.378341521669
2018-07-30;69.9;20;416.52835182211
2018-07-31;69.9;24;353.480873348959
2018-08-01;69.9;16;275.129085598914
2018-08-02;69.9;21;360.330092811622
2018-08-03;69.9;26;346.684257458204
2018-08-04;69.9;16;332.442039128084
2018-08-05;105.9;21;232.160171032722
2018-08-06;105.9;16;227.817834476944
2018-08-07;105.9;20;226.146789597114
2018-08-08;105.9;20;217.514605767239
2018-08-09;105.9;25;335.868679968954
2018-08-10;105.9;23;349.526726900799
2018-08-11;105.9;23;295.142898328256
2018-08-12;107.9;23;260.255828973596
2018-08-13;107.9;18;229.189001687066
2018-08-14;107.9;17;197.908959413046
2018-08-15;107.9;23;209.451182487166
2018-08-16;107.9;26;252.576099113749
2018-08-17;107.9;22;239.971541735554
2018-08-18;107.9;26;223.518412189422
2018-08-19;126.9;20;146.725981123515
2018-08-20;126.9;16;146.550748907702
2018-08-21;126.9;20;136.75869877613
2018-08-22;126.9;23;159.778835600464
2018-08-23;126.9;18;218.863295813866
2018-08-24;126.9;19;223.66940554153
2018-08-25;126.9;17;227.526623764451
2018-08-26;157.9;25;158.40645798231
2018-08-27;157.9;17;128.747711362429
2018-08-28;157.9;19;126.467916347001
2018-08-29;157.9;19;117.018984994073
2018-08-30;157.9;26;163.228042246047
2018-08-31;157.9;17;134.15707107044
2018-09-01;157.9;20;113.408793508826
2018-09-02;85.9;18;213.782820670106
2018-09-03;85.9;20;219.886901544067
2018-09-04;85.9;18;210.304385845179
2018-09-05;85.9;15;214.716256282089
2018-09-06;85.9;13;297.087784169706
2018-09-07;85.9;14;310.252127321975
2018-09-08;85.9;19;314.371654395425
2018-09-09;107.9;21;240.65485921754
2018-09-10;107.9;21;254.478457197482
2018-09-11;107.9;19;215.56827165138
2018-09-12;107.9;15;191.973871185166
2018-09-13;107.9;17;255.911433735661
2018-09-14;107.9;16;232.384938194459
2018-09-15;107.9;11;202.349266795433
2018-09-16;145.9;16;122.079148958767
2018-09-17;145.9;18;110.382876699423
2018-09-18;145.9;17;100.963446723647
2018-09-19;145.9;15;91.9384991674457
2018-09-20;145.9;20;137.073174769019
2018-09-21;145.9;17;134.009129575986
2018-09-22;145.9;18;138.39978824063
2018-09-23;137.9;20;160.000598320028
2018-09-24;137.9;21;155.002051514177
2018-09-25;137.9;15;143.201895614436
2018-09-26;137.9;11;138.624177912269
2018-09-27;137.9;12;186.80173548257
2018-09-28;137.9;14;178.857507682412
2018-09-29;137.9;19;164.551767933263
2018-09-30;157.9;12;113.478981028983
2018-10-01;157.9;9;88.5884874242995
2018-10-02;157.9;2;68.5010709249649
2018-10-03;157.9;7;69.618351464061
2018-10-04;157.9;10;104.163094024693
2018-10-05;157.9;11;117.539241388523
2018-10-06;157.9;10;117.654916101501
2018-10-07;79.9;6;261.897389530258
2018-10-08;79.9;5;249.432020739216
2018-10-09;79.9;11;239.044259518238
2018-10-10;79.9;3;261.635381639795
2018-10-11;79.9;11;341.521714718625
2018-10-12;79.9;7;313.183155993721
2018-10-13;79.9;6;275.023380108297
2018-10-14;107.9;9;171.12149267118
2018-10-15;107.9;2;156.401850057933
2018-10-16;107.9;10;140.10111920599
2018-10-17;107.9;6;124.777552849312
2018-10-18;107.9;7;173.959982619229
2018-10-19;107.9;7;168.647064304343
2018-10-20;107.9;3;152.999073209382
2018-10-21;100.9;1;146.90299331808
2018-10-22;100.9;2;156.801636114032
2018-10-23;100.9;8;175.985227702926
2018-10-24;100.9;7;180.815773796418
2018-10-25;100.9;10;251.026602272625
2018-10-26;100.9;2;236.39811443946
2018-10-27;100.9;4;209.873343328298
2018-10-28;100.9;9;210.111801893171
2018-10-29;100.9;3;186.433469879387
2018-10-30;100.9;10;166.193567023899
2018-10-31;100.9;5;156.145827957067
2018-11-01;100.9;-8;149.82119726918
2018-11-02;100.9;-13;143.912908450348
2018-11-03;100.9;-11;128.801395864697
2018-11-04;126.9;-14;91.2742173760961
2018-11-05;126.9;-5;106.030763015376
2018-11-06;126.9;-10;94.4236134661231
2018-11-07;126.9;-13;93.7071772488545
2018-11-08;126.9;-7;138.533060353821
2018-11-09;126.9;-9;138.970894237477
2018-11-10;126.9;-12;134.196421752036
2018-11-11;85.9;-10;192.482463662243
2018-11-12;85.9;-5;187.874637667766
2018-11-13;85.9;-7;161.038255890789
2018-11-14;85.9;-14;132.029637620132
2018-11-15;85.9;-9;171.644251680488
2018-11-16;85.9;-12;160.014316086321
2018-11-17;85.9;-8;158.447230505115
2018-11-18;69.9;-6;184.613586816721
2018-11-19;69.9;-5;156.079462567875
2018-11-20;69.9;-9;135.608147551701
2018-11-21;69.9;-8;165.048003844684
2018-11-22;69.9;-12;194.65470675457
2018-11-23;69.9;-11;210.63310633818
2018-11-24;69.9;-5;249.564127261099
2018-11-25;124.9;-15;123.43749475478
2018-11-26;124.9;-8;124.097755264906
2018-11-27;124.9;-7;104.972892318375
2018-11-28;124.9;-14;100.672922993704
2018-11-29;124.9;-8;128.609948638324
2018-11-30;124.9;-13;118.118438396695
2018-12-01;124.9;-17;84.7834830026771
2018-12-02;87.9;-23;111.328225994489
2018-12-03;87.9;-13;118.535002647254
2018-12-04;87.9;-22;104.770936034075
2018-12-05;87.9;-15;113.028674631783
2018-12-06;87.9;-16;168.432202359713
2018-12-07;87.9;-13;164.686512749844
2018-12-08;87.9;-18;170.626040856921
2018-12-09;107.9;-20;121.544962030503
2018-12-10;107.9;-15;133.453023275071
2018-12-11;107.9;-20;109.521324102938
2018-12-12;107.9;-22;95.2909043296442
2018-12-13;107.9;-23;127.166223375991
2018-12-14;107.9;-15;138.520042533874
2018-12-15;107.9;-15;119.577847353798
2018-12-16;100.9;-14;106.525890098913
2018-12-17;100.9;-17;99.5688013502964
2018-12-18;100.9;-20;88.1597890704855
2018-12-19;100.9;-19;82.6235789705409
2018-12-20;100.9;-14;118.205371517997
2018-12-21;100.9;-14;123.059340730289
2018-12-22;100.9;-15;117.301810585196
2018-12-23;87.9;-22;128.959779741459
2018-12-24;87.9;-23;132.040161176667
2018-12-25;87.9;-15;141.418146049046
2018-12-26;87.9;-14;145.27672372295
2018-12-27;87.9;-22;165.859804635389
2018-12-28;87.9;-19;158.700932079426
2018-12-29;87.9;-17;157.328980421814
2018-12-30;87.9;-22;136.160924941446
2018-12-31;87.9;-16;123.083733639725
